Time,,1_Stock,1_Exit Rate,,3_Stock,3_Exit Rate,,4_Stock,4_Exit Rate,,5_Stock,5_Exit Rate,,6_Stock,6_Exit Rate,,7_Stock,7_Exit Rate
0,,100,10,,100,0,,100,0,,100,0,,100,0,,100,0
0.1,,99.00498337,9.900498337,,100.0445534,0,,100.0789439,0,,100.1229425,0,,100.1764534,0,,100.239382,0
0.2,,98.01986733,9.801986733,,100.08779,0.027,,100.1547924,0,,100.2398889,0,,100.3426309,0,,100.4625803,0
0.3,,97.04455335,9.704455335,,100.1270487,0.078582029,,100.2276668,0.00256,,100.3511319,0,,100.499131,0,,100.670689,0
0.4,,96.07894392,9.607894392,,100.1599092,0.152472479,,100.2974278,0.009832421,,100.4569494,0.0003125,,100.6465172,0,,100.8647283,0
0.5,,95.12294245,9.512294245,,100.1841773,0.246534921,,100.3637161,0.023602662,,100.5575749,0.001484759,,100.7853203,0.000046656,,101.0454812,0
0.6,,94.17645336,9.417645336,,100.1978712,0.358763242,,100.4259897,0.04532643,,100.6531741,0.004232659,,100.9160355,0.000263222,,101.2133889,8.23543E-06
0.7,,93.23938199,9.323938199,,100.199209,0.487275098,,100.4835565,0.076164063,,100.7438289,0.009384824,,101.0391165,0.000866272,,101.3684914,5.36324E-05
0.8,,92.31163464,9.231163464,,100.1865957,0.630305651,,100.5356046,0.117012064,,100.8295265,0.017835783,,101.154968,0.002172135,,101.5104042,0.000199586
0.9,,91.39311853,9.139311853,,100.158612,0.786201599,,100.5812285,0.168532034,,100.9101537,0.030507088,,101.2639372,0.004595503,,101.6383225,0.000557049
1,,90.4837418,9.04837418,,100.114003,0.953415466,,100.6194526,0.231177198,,100.9854945,0.048315401,,101.3663056,0.008642251,,101.7510449,0.001295616
1.1,,89.58341353,8.958341353,,100.0516674,1.130500167,,100.6492525,0.30521669,,101.0552314,0.07214668,,101.462281,0.014898144,,101.8470125,0.002651806
1.2,,88.69204367,8.869204367,,99.97064784,1.316103803,,100.6695736,0.390757759,,101.1189483,0.102835661,,101.5519913,0.024014816,,101.9243567,0.004934176
1.3,,87.80954309,8.780954309,,99.87012128,1.508964712,,100.679347,0.48776605,,101.176137,0.141149954,,101.6354789,0.036694126,,101.9809539,0.008525165
1.4,,86.93582354,8.693582354,,99.74938996,1.707906734,,100.6775042,0.596084099,,101.2262036,0.187778103,,101.7126968,0.053671783,,102.0144824,0.013879818
1.5,,86.07079764,8.607079764,,99.60787293,1.911834702,,100.6629893,0.715448172,,101.2684772,0.243321067,,101.7835064,0.075700938,,102.02248,0.021521646
1.6,,85.2143789,8.52143789,,99.44509793,2.119730139,,100.6347698,0.845503576,,101.302219,0.308286609,,101.8476769,0.103536283,,102.0024008,0.032036015
1.7,,84.36648166,8.436648166,,99.2606938,2.33064716,,100.591846,0.985818548,,101.3266319,0.383086158,,101.904886,0.137919058,,101.9516683,0.046061468
1.8,,83.52702114,8.352702114,,99.05438317,2.543708553,,100.5332584,1.135896844,,101.3408707,0.468033759,,101.9547222,0.179563271,,101.8677254,0.064279447
1.9,,82.69591339,8.269591339,,98.82597571,2.758102062,,100.4580949,1.295189109,,101.344052,0.563346747,,101.9966887,0.229143306,,101.7480805,0.087402837
2,,81.87307531,8.187307531,,98.57536156,2.973076824,,100.3654954,1.463103138,,101.3352643,0.669147858,,102.0302075,0.287283076,,101.5903475,0.116163764
2.1,,81.0584246,8.10584246,,98.30250527,3.187939997,,100.2546569,1.639013106,,101.3135775,0.785468502,,102.0546259,0.354546756,,101.3922815,0.151301051
2.2,,80.2518798,8.02518798,,98.00744003,3.402053523,,100.1248365,1.822267846,,101.2780528,0.912252952,,102.069223,0.43143112,,101.1518098,0.193547658
2.3,,79.45336025,7.945336025,,97.69026213,3.614831071,,99.97535427,2.012198261,,101.2277515,1.049363272,,102.0732168,0.518359452,,100.8670565,0.24361844
2.4,,78.66278611,7.866278611,,97.35112592,3.825735104,,99.8055951,2.20812393,,101.1617433,1.196584774,,102.0657727,0.615676981,,100.5363634,0.302198469
2.5,,77.88007831,7.788007831,,96.99023886,4.034274101,,99.61500977,2.409358974,,101.0791144,1.353631874,,102.0460117,0.723647746,,100.1583056,0.369932152
2.6,,77.10515858,7.710515858,,96.60785696,4.239999907,,99.40311571,2.615217255,,100.9789748,1.520154204,,102.013019,0.842452807,,99.7317026,0.447413295
2.7,,76.33794943,7.633794943,,96.2042805,4.442505215,,99.16949708,2.825016941,,100.8604651,1.695742864,,101.9658529,0.972189688,,99.25562598,0.535176277
2.8,,75.57837415,7.557837415,,95.7798499,4.641421167,,98.91380439,3.038084516,,100.7227624,1.879936726,,101.9035538,1.112872937,,98.72940257,0.633688387
2.9,,74.82635676,7.482635676,,95.33494193,4.836415075,,98.63575374,3.253758266,,100.565086,2.072228706,,101.8251529,1.264435685,,98.15261473,0.743343414
3,,74.08182207,7.408182207,,94.86996612,5.027188253,,98.33512574,3.471391287,,100.3867018,2.272071927,,101.7296805,1.426732081,,97.52509748,0.864456498
3.1,,73.34469562,7.334469562,,94.38536134,5.21347396,,98.01176406,3.690354074,,100.1869267,2.478885735,,101.6161748,1.599540498,,96.84693305,0.997260241
3.2,,72.61490371,7.261490371,,93.88159263,5.395035435,,97.66557378,3.910036698,,99.96513245,2.692061504,,101.4836897,1.782567369,,96.11844314,1.14190206
3.3,,71.89237334,7.189237334,,93.35914825,5.571664045,,97.29651946,4.129850648,,99.72074796,2.910968204,,101.3313023,1.975451581,,95.34017919,1.298442726
3.4,,71.17703228,7.117703228,,92.81853684,5.743177515,,96.90462311,4.349230327,,99.45326222,3.134957702,,101.1581199,2.177769283,,94.51291112,1.46685604
3.5,,70.46880897,7.046880897,,92.2602848,5.909418249,,96.48996188,4.567634274,,99.16222601,3.363369775,,100.963287,2.389039043,,93.63761465,1.647029563
3.6,,69.76763261,6.976763261,,91.68493388,6.070251743,,96.05266578,4.784546112,,98.84725323,3.595536816,,100.7459909,2.60872725,,92.71545767,1.838766316
3.7,,69.07343306,6.907343306,,91.09303882,6.22556507,,95.59291518,4.999475254,,98.5080218,3.830788228,,100.5054677,2.836253674,,91.74778575,2.041787371
3.8,,68.38614092,6.838614092,,90.48516527,6.375265451,,95.11093826,5.211957408,,98.1442741,4.068454499,,100.2410068,3.070997126,,90.73610712,2.255735217
3.9,,67.70568745,6.770568745,,89.86188774,6.519278891,,94.60700849,5.421554875,,97.75581698,4.307870953,,99.95195544,3.312301127,,89.68207734,2.480177822
4,,67.0320046,6.70320046,,89.22378774,6.6575489,,94.08144197,5.627856691,,97.34252141,4.548381184,,99.63772266,3.559479551,,88.58748379,2.714613292
4.1,,66.36502501,6.636502501,,88.57145206,6.790035265,,93.5345948,5.830478602,,96.90432174,4.789340175,,99.29778219,3.811822173,,87.45423016,2.958475013
4.2,,65.70468198,6.570468198,,87.90547115,6.916712898,,92.96686049,6.029062917,,96.44121471,5.030117112,,98.93167526,4.068600074,,86.28432114,3.2111372
4.3,,65.05090947,6.505090947,,87.2264376,7.03757074,,92.37866729,6.223278235,,95.95325809,5.270097892,,98.53901262,4.329070881,,85.07984733,3.471920758
4.4,,64.40364211,6.440364211,,86.53494476,7.15261073,,91.77047564,6.41281907,,95.44056915,5.508687348,,98.11947611,4.592483789,,83.84297069,3.740099363
4.5,,63.76281516,6.376281516,,85.83158546,7.261846817,,91.14277563,6.597405382,,94.90332282,5.7453112,,97.67281967,4.858084347,,82.5759103,4.014905683
4.6,,63.12836455,6.312836455,,85.1169508,7.365304042,,90.49608444,6.776782038,,94.34174974,5.979417729,,97.19886987,5.125118991,,81.28092883,4.295537681
4.7,,62.50022683,6.250022683,,84.39162907,7.463017659,,89.8309439,6.950718198,,93.75613404,6.210479214,,96.69752602,5.392839293,,79.96031956,4.581164896
4.8,,61.87833918,6.187833918,,83.6562047,7.555032307,,89.14791814,7.119006643,,93.14681104,6.437993124,,96.16875976,5.660505919,,78.61639414,4.870934682
4.9,,61.26263942,6.126263942,,82.9112574,7.641401228,,88.44759121,7.281463065,,92.51416481,6.661483083,,95.61261433,5.927392302,,77.25147099,5.163978313
5,,60.65306597,6.065306597,,82.15736123,7.722185534,,87.73056481,7.437925306,,91.85862565,6.880499635,,95.02920344,6.192787995,,75.86786455,5.459416925
5.1,,60.04955788,6.004955788,,81.39508387,7.797453509,,86.99745618,7.588252575,,91.18066741,7.094620804,,94.41870973,6.456001727,,74.46787516,5.756367242
5.2,,59.4520548,5.94520548,,80.62498591,7.867279953,,86.2488959,7.732324634,,90.48080489,7.303452476,,93.78138305,6.716364157,,73.05377979,6.05394706
5.3,,58.86049697,5.886049697,,79.84762018,7.931745564,,85.48552592,7.870040967,,89.75959101,7.506628617,,93.11753832,6.973230322,,71.62782356,6.351280436
5.4,,58.27482524,5.827482524,,79.0635312,7.990936362,,84.70799759,8.001319943,,89.01761419,7.703811329,,92.42755321,7.225981794,,70.19221193,6.647502587
5.5,,57.69498104,5.769498104,,78.27325461,8.044943132,,83.91696981,8.126097956,,88.25549546,7.89469077,,91.71186563,7.474028546,,68.74910369,6.941764448
5.6,,57.12090638,5.712090638,,77.47731676,8.093860917,,83.11310725,8.244328584,,87.47388583,8.078984943,,90.97097094,7.716810545,,67.3006047,7.233236892
5.7,,56.55254387,5.655254387,,76.67623426,8.137788535,,82.29707864,8.355981724,,86.67346348,8.25643937,,90.20541904,7.953799073,,65.84876232,7.521114604
5.8,,55.98983666,5.598983666,,75.87051358,8.176828118,,81.46955518,8.461042755,,85.85493106,8.426826664,,89.41581135,8.184497799,,64.39556048,7.804619583
5.9,,55.43272847,5.543272847,,75.06065079,8.211084692,,80.63120901,8.55951169,,85.01901309,8.589945995,,88.60279764,8.4084436,,62.9429155,8.08300429
6,,54.88116361,5.488116361,,74.24713123,8.240665778,,79.78271174,8.651402355,,84.16645326,8.745622493,,87.76707278,8.625207157,,61.49267245,8.355554432
6.1,,54.33508691,5.433508691,,73.43042927,8.265681013,,78.92473314,8.736741562,,83.29801195,8.893706558,,86.90937343,8.834393338,,60.04660218,8.621591391
6.2,,53.79444376,5.379444376,,72.61100813,8.286241805,,78.0579398,8.81556832,,82.41446372,9.034073122,,86.03047468,9.035641376,,58.60639884,8.880474295
6.3,,53.2591801,5.32591801,,71.78931969,8.302461002,,77.18299399,8.887933043,,81.51659487,9.166620847,,85.13118671,9.228624854,,57.17367801,9.131601761
6.4,,52.7292424,5.27292424,,70.96580435,8.314452591,,76.30055248,8.953896785,,80.60520113,9.291271282,,84.21235136,9.413051532,,55.74997526,9.374413293
6.5,,52.20457768,5.220457768,,70.14089092,8.322331409,,75.41126554,9.013530502,,79.6810854,9.407967978,,83.27483883,9.588662996,,54.33674522,9.608390374
6.6,,51.68513345,5.168513345,,69.31499657,8.326212878,,74.51577594,9.066914318,,78.7450556,9.516675578,,82.31954428,9.755234177,,52.93536104,9.833057248
6.7,,51.17085778,5.117085778,,68.48852673,8.326212761,,73.61471804,9.11413683,,77.79792255,9.617378876,,81.34738461,9.912572731,,51.5471143,10.04798142
6.8,,50.66169924,5.066169924,,67.6618751,8.322446929,,72.708717,9.155294428,,76.84049802,9.710081864,,80.3592952,10.0605183,,50.17321525,10.25277389
6.9,,50.15760691,5.015760691,,66.83542362,8.315031149,,71.79838797,9.190490635,,75.87359283,9.794806762,,79.35622675,10.19894168,,48.81479335,10.44708912
7,,49.65853038,4.965853038,,66.0095425,8.304080889,,70.88433541,9.219835478,,74.89801504,9.871593047,,78.33914222,10.32774388,,47.47289819,10.63062476
7.1,,49.16441975,4.916441975,,65.18459026,8.289711133,,69.96715244,9.24344488,,73.91456827,9.940496476,,77.30901385,10.44685509,,46.14850063,10.80312123
7.2,,48.6752256,4.86752256,,64.36091375,8.272036213,,69.04742031,9.261440075,,72.9240501,10.00158811,,76.26682027,10.55623363,,44.84249419,10.96436095
7.3,,48.19089901,4.819089901,,63.53884825,8.251169655,,68.1257078,9.273947045,,71.92725054,10.05495336,,75.21354372,10.65586479,,43.55569668,11.11416757
7.4,,47.71139155,4.771139155,,62.71871755,8.227224036,,67.20257083,9.281095991,,70.92495061,10.100691,,74.15016738,10.74575962,,42.28885196,11.25240492
7.5,,47.23665527,4.723665527,,61.90083404,8.200310854,,66.27855202,9.283020815,,69.91792108,10.13891226,,73.07767285,10.82595374,,41.04263197,11.3789758
7.6,,46.7666427,4.67666427,,61.08549885,8.170540407,,65.35418032,9.279858633,,68.90692119,10.1697399,,71.9970377,10.89650603,,39.81763878,11.49382077
7.7,,46.30130683,4.630130683,,60.27300191,8.138021686,,64.42997073,9.271749315,,67.89269751,10.19330724,,70.90923316,10.9574974,,38.61440688,11.59691669
7.8,,45.84060113,4.584060113,,59.46362216,8.102862276,,63.50642401,9.258835036,,66.87598297,10.20975738,,69.81522198,11.00902947,,37.43340547,11.6882752
7.9,,45.38447953,4.538447953,,58.65762766,8.065168264,,62.58402644,9.241259862,,65.85749583,10.21924223,,68.71595635,11.05122324,,36.27504091,11.76794122
8,,44.93289641,4.493289641,,57.85527571,8.025044164,,61.66324971,9.219169353,,64.83793882,10.22192174,,67.61237599,11.08421785,,35.13965916,11.83599119
8.1,,44.48580662,4.448580662,,57.05681308,7.982592837,,60.7445507,9.192710188,,63.81799842,10.21796306,,66.50540637,11.10816924,,34.02754835,11.89253149
8.2,,44.04316545,4.404316545,,56.26247613,7.937915435,,59.82837143,9.162029809,,62.79834406,10.20753978,,65.39595704,11.12324888,,32.93894129,11.93769659
8.3,,43.60492863,4.360492863,,55.472491,7.891111339,,58.91513898,9.127276089,,61.77962757,10.19083112,,64.28492011,11.1296425,,31.8740181,11.97164736
8.4,,43.17105234,4.317105234,,54.68707379,7.842278107,,58.00526541,9.088597022,,60.76248257,10.16802127,,63.17316881,11.12754888,,30.83290876,11.99456926
8.5,,42.74149319,4.274149319,,53.90643072,7.791511439,,57.09914785,9.046140425,,59.74752404,10.13929864,,62.06155624,11.11717859,,29.81569567,12.00667053
8.6,,42.31620823,4.231620823,,53.13075838,7.73890513,,56.19716842,9.000053668,,58.73534785,10.10485522,,60.95091417,11.09875279,,28.82241625,12.00818046
8.7,,41.89515492,4.189515492,,52.36024385,7.684551044,,55.29969437,8.950483412,,57.72653048,10.06488593,,59.84205203,11.07250215,,27.85306544,11.99934757
8.8,,41.47829117,4.147829117,,51.59506496,7.628539086,,54.40707808,8.897575378,,56.72162869,10.01958802,,58.73575596,11.03866565,,26.90759823,11.98043789
8.9,,41.06557528,4.106557528,,50.83539043,7.570957183,,53.51965724,8.841474117,,55.72117929,9.969160466,,57.63278797,10.99748952,,25.98593207,11.95173323
9,,40.65696597,4.065696597,,50.08138013,7.511891263,,52.6377549,8.782322813,,54.72569903,9.913803476,,56.53388527,10.94922622,,25.08794934,11.9135295
9.1,,40.2524224,4.02524224,,49.33318524,7.451425247,,51.76167966,8.720263084,,53.73568445,9.853717921,,55.43975961,10.89413341,,24.21349963,11.86613505
9.2,,39.85190411,3.985190411,,48.59094845,7.389641039,,50.89172582,8.655434819,,52.75161182,9.789104871,,54.35109682,10.83247298,,23.36240211,11.8098691
9.3,,39.45537104,3.945537104,,47.85480421,7.326618521,,50.02817353,8.587976007,,51.77393713,9.720165132,,53.26855637,10.76451018,,22.53444769,11.74506018
9.4,,39.06278354,3.906278354,,47.12487888,7.262435555,,49.17128906,8.5180226,,50.80309614,9.647098815,,52.19277104,10.69051267,,21.72940123,11.67204465
9.5,,38.67410235,3.867410235,,46.40129097,7.197167983,,48.32132491,8.445708375,,49.83950446,9.570104929,,51.12434668,10.61074976,,20.94700363,11.59116523
9.6,,38.2892886,3.82892886,,45.68415133,7.130889634,,47.47852011,8.371164813,,48.88355763,9.489381012,,50.06386211,10.52549159,,20.18697381,11.50276967
9.7,,37.90830381,3.790830381,,44.97356336,7.063672332,,46.64310041,8.294520997,,47.93563131,9.405122777,,49.01186898,10.43500837,,19.44901072,11.40720943
9.8,,37.53110989,3.753110989,,44.2696232,6.995585905,,45.81527857,8.21590351,,46.99608147,9.31752379,,47.96889179,10.33956974,,18.73279514,11.30483838
9.9,,37.1576691,3.71576691,,43.57241995,6.926698204,,44.99525455,8.135436352,,46.06524459,9.226775171,,46.93542796,10.23944404,,18.03799151,11.19601172
10,,36.78794412,3.678794412,,42.88203587,6.857075112,,44.18321584,8.053240865,,45.14343793,9.133065319,,45.91194799,10.13489775,,17.36424967,11.08108476
10.1,,36.42189796,3.642189796,,42.19854654,6.786780566,,43.37933766,7.969435665,,44.23095978,9.036579662,,44.8988956,10.02619493,,16.71120645,10.96041195
10.2,,36.05949402,3.605949402,,41.52202111,6.715876577,,42.5837833,7.884136591,,43.32808979,8.937500428,,43.89668802,9.913596627,,16.07848726,10.83434582
10.3,,35.70069606,3.570069606,,40.85252245,6.644423247,,41.79670439,7.797456652,,42.4350893,8.836006437,,42.90571628,9.797360465,,15.46570756,10.70323615
10.4,,35.3454682,3.53454682,,40.19010739,6.572478795,,41.01824113,7.709505993,,41.55220164,8.732272916,,41.92634557,9.677740147,,14.8724743,10.56742904
10.5,,34.99377491,3.499377491,,39.53482686,6.500099582,,40.24852265,7.620391864,,40.67965257,8.626471331,,40.95891561,9.554985063,,14.2983872,10.42726617
10.6,,34.64558103,3.464558103,,38.88672611,6.427340135,,39.48766727,7.530218591,,39.81765058,8.518769242,,40.00374113,9.429339915,,13.74304009,10.28308405
10.7,,34.30085174,3.430085174,,38.24584488,6.354253172,,38.73578281,7.439087569,,38.96638734,8.409330171,,39.06111229,9.301044384,,13.20602202,10.13521337
10.8,,33.95955256,3.395955256,,37.61221758,6.280889634,,37.99296684,7.34709724,,38.12603807,8.298313491,,38.13129523,9.170332824,,12.68691845,9.983978382
10.9,,33.62164937,3.362164937,,36.9858735,6.207298708,,37.25930706,7.254343102,,37.296762,8.185874331,,37.2145326,9.037433995,,12.18531225,9.829696377
11,,33.28710837,3.328710837,,36.36683695,6.133527863,,36.53488153,7.160917699,,36.47870277,8.072163495,,36.31104408,8.902570829,,11.70078471,9.672677173
11.1,,32.95589611,3.295589611,,35.75512743,6.059622873,,35.81975898,7.066910638,,35.67198885,7.957327399,,35.42102704,8.765960222,,11.23291647,9.513222691
11.2,,32.62797946,3.262797946,,35.15075984,5.985627853,,35.11399913,6.972408594,,34.87673405,7.841508014,,34.54465708,8.627812856,,10.78128834,9.351626574
11.3,,32.30332564,3.230332564,,34.55374463,5.911585287,,34.41765298,6.877495329,,34.09303787,7.724842836,,33.68208869,8.488333054,,10.34548216,9.188173853
11.4,,31.98190218,3.198190218,,33.96408794,5.837536063,,33.73076307,6.782251716,,33.32098604,7.607464853,,32.83345589,8.347718654,,9.925081473,9.023140663
11.5,,31.66367694,3.166367694,,33.38179178,5.763519499,,33.05336381,6.68675576,,32.56065091,7.489502533,,31.99887284,8.20616091,,9.519672265,8.856794006
11.6,,31.34861809,3.134861809,,32.8068542,5.689573382,,32.38548177,6.591082626,,31.81209196,7.371079823,,31.17843458,8.063844424,,9.128843562,8.689391558
11.7,,31.03669413,3.103669413,,32.23926944,5.615733997,,31.72713592,6.495304676,,31.07535619,7.252316152,,30.37221761,7.920947086,,8.752188021,8.521181512
11.8,,30.72787386,3.072787386,,31.67902805,5.542036159,,31.07833798,6.3994915,,30.35047864,7.133326451,,29.58028062,7.77764005,,8.389302461,8.352402465
11.9,,30.42212641,3.042212641,,31.12611707,5.468513248,,30.43909262,6.303709952,,29.63748279,7.014221173,,28.80266515,7.634087716,,8.039788342,8.183283341
12,,30.11942119,3.011942119,,30.58052018,5.395197238,,29.80939783,6.208024195,,28.93638104,6.895106333,,28.03939626,7.49044774,,7.703252206,8.014043349
12.1,,29.81972794,2.981972794,,30.04221782,5.322118735,,29.1892451,6.112495742,,28.24717515,6.776083541,,27.29048322,7.34687106,,7.379306071,7.844891966
12.2,,29.52301669,2.952301669,,29.51118734,5.249307006,,28.57861974,6.017183498,,27.56985668,6.657250057,,26.55592018,7.203501927,,7.067567788,7.676028963
12.3,,29.22925777,2.922925777,,28.98740311,5.17679001,,27.97750113,5.922143809,,26.90440742,6.538698839,,25.83568683,7.060477968,,6.767661355,7.507644445
12.4,,28.93842179,2.893842179,,28.47083669,5.104594435,,27.38586297,5.82743051,,26.25079983,6.420518607,,25.12974907,6.917930247,,6.479217196,7.339918926
12.5,,28.65047969,2.865047969,,27.96145695,5.032745728,,26.80367355,5.733094972,,25.60899747,6.302793904,,24.43805967,6.775983347,,6.20187241,7.173023423
12.6,,28.36540265,2.836540265,,27.45923017,4.961268126,,26.23089597,5.639186158,,24.97895541,6.18560517,,23.76055893,6.634755461,,5.935270984,7.007119577
12.7,,28.08316218,2.808316218,,26.96412019,4.890184688,,25.66748842,5.545750668,,24.36062066,6.069028813,,23.0971753,6.494358491,,5.679063972,6.842359782
12.8,,27.80373005,2.780373005,,26.4760885,4.819517327,,25.11340437,5.452832797,,23.75393252,5.95313729,,22.44782601,6.35489816,,5.432909654,6.678887349
12.9,,27.52707831,2.752707831,,25.99509437,4.749286843,,24.56859287,5.360474585,,23.15882307,5.837999183,,21.81241771,6.216474129,,5.196473657,6.516836672
13,,27.2531793,2.72531793,,25.521095,4.679512949,,24.03299868,5.268715875,,22.57521747,5.72367929,,21.19084706,6.079180127,,4.969429063,6.356333412
13.1,,26.98200564,2.698200564,,25.05404555,4.610214307,,23.50656259,5.177594362,,22.00303437,5.610238707,,20.58300135,5.943104076,,4.751456483,6.197494698
13.2,,26.7135302,2.67135302,,24.59389931,4.541408553,,22.98922158,5.087145654,,21.44218633,5.497734919,,19.98875903,5.808328236,,4.542244116,6.040429337
13.3,,26.44772613,2.644772613,,24.14060778,4.473112331,,22.48090903,4.997403322,,20.89258008,5.38622189,,19.40799033,5.674929344,,4.341487783,5.88523803
13.4,,26.18456686,2.618456686,,23.69412077,4.405341318,,21.98155495,4.908398957,,20.35411698,5.275750159,,18.84055779,5.542978765,,4.148890946,5.732013601
13.5,,25.92402606,2.592402606,,23.25438651,4.338110258,,21.49108616,4.820162225,,19.8266933,5.166366926,,18.28631678,5.412542639,,3.964164703,5.580841232
13.6,,25.6660777,2.56660777,,22.82135171,4.271432984,,21.0094265,4.732720923,,19.31020056,5.058116157,,17.74511608,5.283682037,,3.787027779,5.431798704
13.7,,25.41069596,2.541069596,,22.39496169,4.205322451,,20.53649698,4.646101032,,18.80452587,4.951038672,,17.21679832,5.156453116,,3.617206487,5.284956641
13.8,,25.15785531,2.515785531,,21.97516047,4.139790762,,20.07221602,4.560326774,,18.30955225,4.845172241,,16.70120051,5.03090728,,3.454434686,5.140378756
13.9,,24.90753046,2.490753046,,21.56189081,4.074849194,,19.61649958,4.475420663,,17.82515893,4.740551685,,16.19815452,4.907091332,,3.298453722,4.998122109
14,,24.65969639,2.465969639,,21.15509434,4.010508226,,19.16926135,4.391403561,,17.35122162,4.637208966,,15.70748752,4.785047642,,3.149012362,4.858237351
14.1,,24.41432832,2.441432832,,20.75471162,3.946777562,,18.73041292,4.30829473,,16.88761283,4.535173289,,15.22902243,4.6648143,,3.00586671,4.720768986
14.2,,24.17140169,2.417140169,,20.36068222,3.883666161,,18.29986392,4.226111885,,16.43420214,4.434471191,,14.76257837,4.54642528,,2.86878012,4.585755616
14.3,,23.93089222,2.393089222,,19.9729448,3.82118226,,17.87752221,4.144871248,,15.99085646,4.335126638,,14.30797103,4.429910598,,2.737523099,4.453230199
14.4,,23.69277587,2.369277587,,19.59143718,3.759333394,,17.463294,4.064587596,,15.55744029,4.237161122,,13.86501312,4.315296468,,2.6118732,4.323220298
14.5,,23.45702881,2.345702881,,19.21609639,3.69812643,,17.057084,3.985274312,,15.13381597,4.140593747,,13.43351468,4.202605459,,2.491614916,4.195748327
14.6,,23.22362747,2.322362747,,18.84685879,3.63756758,,16.65879558,3.906943439,,14.7198439,4.045441329,,13.01328353,4.091856654,,2.376539553,4.0708318
14.7,,22.99254852,2.299254852,,18.48366008,3.577662432,,16.26833087,3.829605725,,14.31538282,3.95171848,,12.60412555,3.983065799,,2.266445117,3.948483571
14.8,,22.76376884,2.276376884,,18.12643539,3.518415966,,15.88559093,3.75327067,,13.92028998,3.8594377,,12.20584504,3.876245454,,2.161136179,3.828712073
14.9,,22.53726555,2.253726555,,17.77511934,3.459832582,,15.51047584,3.677946581,,13.53442136,3.768609466,,11.81824505,3.771405143,,2.060423751,3.711521552
15,,22.31301601,2.231301601,,17.4296461,3.401916117,,15.14288485,3.603640608,,13.15763189,3.679242316,,11.44112765,3.668551501,,1.964125144,3.596912295
15.1,,22.0909978,2.20909978,,17.08994943,3.344669868,,14.78271647,3.530358799,,12.78977566,3.591342936,,11.07429428,3.567688414,,1.872063839,3.484880856
15.2,,21.8711887,2.18711887,,16.75596276,3.288096612,,14.4298686,3.458106138,,12.43070605,3.504916242,,10.71754595,3.468817163,,1.784069339,3.375420276
15.3,,21.65356673,2.165356673,,16.42761922,3.232198627,,14.08423863,3.386886592,,12.08027595,3.419965461,,10.37068354,3.371936554,,1.699977038,3.268520292
15.4,,21.43811014,2.143811014,,16.1048517,3.17697771,,13.74572352,3.316703156,,11.73833793,3.336492213,,10.03350808,3.277043063,,1.619628072,3.164167551
15.5,,21.22479738,2.122479738,,15.7875929,3.122435196,,13.41421996,3.247557888,,11.40474438,3.254496585,,9.705820901,3.184130955,,1.542869176,3.062345804
15.6,,21.01360712,2.101360712,,15.47577538,3.068571979,,13.08962438,3.179451955,,11.07934768,3.173977212,,9.387423938,3.093192418,,1.469552548,2.963036112
15.7,,20.80451824,2.080451824,,15.1693316,3.015388526,,12.77183311,3.112385674,,10.76200033,3.094931348,,9.078119889,3.004217685,,1.399535698,2.866217024
15.8,,20.59750982,2.059750982,,14.86819394,2.962884899,,12.46074244,3.046358546,,10.45255511,3.017354936,,8.777712428,2.917195152,,1.332681307,2.771864769
15.9,,20.39256117,2.039256117,,14.57229478,2.911060769,,12.15624868,2.981369298,,10.1508652,2.941242684,,8.486006388,2.832111498,,1.268857089,2.67995343
16,,20.1896518,2.01896518,,14.28156654,2.859915434,,11.85824827,2.917415917,,9.856784289,2.86658813,,8.202807928,2.748951793,,1.207935643,2.590455112
16.1,,19.98876141,1.998876141,,13.99594166,2.809447834,,11.56663785,2.854495689,,9.570166719,2.793383708,,7.927924699,2.667699613,,1.14979432,2.50334011
16.2,,19.78986991,1.978986991,,13.7153527,2.75965657,,11.28131431,2.792605231,,9.290867579,2.721620814,,7.661165993,2.588337139,,1.094315076,2.418577063
16.3,,19.59295741,1.959295741,,13.43973235,2.710539915,,11.00217487,2.731740527,,9.018742815,2.651289866,,7.402342879,2.510845264,,1.041384341,2.336133108
16.4,,19.39800423,1.939800423,,13.16901347,2.662095831,,10.72911716,2.67189696,,8.753649327,2.582380368,,7.151268335,2.435203687,,0.990892881,2.255974025
16.5,,19.20499086,1.920499086,,12.90312908,2.614321984,,10.46203924,2.613069343,,8.495445056,2.514880967,,6.907757367,2.361391012,,0.942735663,2.178064374
16.6,,19.01389801,1.901389801,,12.64201247,2.567215759,,10.20083969,2.555251953,,8.24398908,2.448779506,,6.671627119,2.289384833,,0.896811725,2.102367625
16.7,,18.82470656,1.882470656,,12.38559716,2.520774269,,9.94541768,2.498438559,,7.999141682,2.384063085,,6.442696974,2.219161827,,0.853024046,2.028846292
16.8,,18.6373976,1.86373976,,12.13381694,2.474994375,,9.69567296,2.44262245,,7.760764437,2.32071811,,6.220788643,2.150697835,,0.811279418,1.957462046
16.9,,18.4519524,1.84519524,,11.88660593,2.429872691,,9.451505964,2.387796467,,7.528720272,2.258730345,,6.005726255,2.083967941,,0.771488323,1.888175832
17,,18.26835241,1.826835241,,11.64389857,2.385405605,,9.212817831,2.333953026,,7.302873534,2.19808496,,5.797336425,2.018946552,,0.733564807,1.82094798
17.1,,18.08657926,1.808657926,,11.40562964,2.341589284,,8.979510455,2.281084149,,7.083090053,2.138766577,,5.595448329,1.955607469,,0.697426365,1.755738303
17.2,,17.90661479,1.790661479,,11.17173431,2.298419689,,8.751486518,2.229181483,,6.869237191,2.080759322,,5.399893759,1.893923959,,0.662993818,1.692506199
17.3,,17.728441,1.7728441,,10.94214816,2.255892587,,8.528649535,2.178236334,,6.661183893,2.024046858,,5.21050718,1.83386882,,0.630191203,1.631210741
17.4,,17.55204006,1.755204006,,10.71680715,2.214003559,,8.310903885,2.128239682,,6.458800738,1.968612438,,5.027125777,1.775414445,,0.59894566,1.571810764
17.5,,17.37739435,1.737739435,,10.49564771,2.172748014,,8.098154842,2.079182208,,6.261959974,1.914438935,,4.849589491,1.718532886,,0.569187321,1.514264947
17.6,,17.20448638,1.720448638,,10.2786067,2.132121196,,7.890308609,2.031054317,,6.070535562,1.86150889,,4.677741062,1.663195907,,0.540849203,1.458531891
17.7,,17.03329888,1.703329888,,10.06562147,2.092118196,,7.687272342,1.983846157,,5.884403205,1.80980454,,4.511426047,1.609375042,,0.513867109,1.404570188
17.8,,16.86381473,1.686381473,,9.856629826,2.052733964,,7.488954179,1.937547641,,5.703440379,1.759307861,,4.350492852,1.557041643,,0.488179521,1.352338493
17.9,,16.69601697,1.669601697,,9.651570101,2.013963311,,7.295263262,1.892148466,,5.52752636,1.710000594,,4.194792746,1.506166936,,0.463727505,1.301795581
18,,16.52988882,1.652988882,,9.450381127,1.975800925,,7.106109759,1.847638133,,5.356542251,1.661864285,,4.044179875,1.456722059,,0.440454616,1.252900413
18.1,,16.36541368,1.636541368,,9.253002264,1.938241377,,6.921404885,1.804005964,,5.190370995,1.61488031,,3.898511268,1.408678113,,0.418306803,1.205612184
18.2,,16.20257509,1.620257509,,9.059373408,1.901279128,,6.741060916,1.761241121,,5.028897396,1.569029905,,3.757646847,1.362006197,,0.397232317,1.159890377
18.3,,16.04135678,1.604135678,,8.869435005,1.864908541,,6.56499121,1.719332622,,4.872008134,1.524294198,,3.62144942,1.316677451,,0.377181631,1.115694811
18.4,,15.88174261,1.588174261,,8.68312806,1.829123884,,6.393110222,1.678269357,,4.719591773,1.480654228,,3.489784682,1.272663091,,0.358107347,1.072985678
18.5,,15.72371663,1.572371663,,8.500394146,1.79391934,,6.22533351,1.638040102,,4.571538773,1.438090977,,3.362521204,1.229934443,,0.339964117,1.031723592
18.6,,15.56726304,1.556726304,,8.321175411,1.759289016,,6.061577755,1.59863354,,4.427741491,1.39658539,,3.239530426,1.188462974,,0.322708565,0.991869616
18.7,,15.41236618,1.541236618,,8.14541459,1.725226944,,5.901760763,1.560038265,,4.288094192,1.356118399,,3.12068664,1.148220325,,0.306299208,0.953385301
18.8,,15.25901058,1.525901058,,7.973055009,1.691727097,,5.745801482,1.522242806,,4.152493044,1.316670945,,3.005866973,1.109178332,,0.290696378,0.916232714
18.9,,15.10718088,1.510718088,,7.804040591,1.658783384,,5.593619999,1.485235633,,4.02083612,1.278223993,,2.894951367,1.07130906,,0.275862159,0.880374463
19,,14.95686192,1.495686192,,7.638315867,1.626389668,,5.445137556,1.449005172,,3.893023395,1.240758559,,2.787822559,1.03458482,,0.261760305,0.845773727
19.1,,14.80803866,1.480803866,,7.475825974,1.594539762,,5.300276546,1.413539815,,3.768956741,1.204255721,,2.684366052,0.998978195,,0.248356184,0.812394271
19.2,,14.66069621,1.466069621,,7.316516666,1.56322744,,5.158960523,1.378827936,,3.648539923,1.168696641,,2.584470093,0.964462058,,0.235616706,0.780200469
19.3,,14.51481985,1.451481985,,7.160334314,1.532446443,,5.0211142,1.344857895,,3.531678586,1.134062575,,2.488025639,0.931009591,,0.22351026,0.74915732
19.4,,14.37039498,1.437039498,,7.007225913,1.502190482,,4.88666345,1.311618053,,3.418280249,1.100334895,,2.39492633,0.898594303,,0.212006657,0.719230463
19.5,,14.22740716,1.422740716,,6.857139082,1.472453241,,4.755535311,1.279096781,,3.308254294,1.067495097,,2.305068454,0.867190045,,0.201077068,0.690386187
19.6,,14.08584209,1.408584209,,6.710022067,1.443228389,,4.627657979,1.247282466,,3.201511951,1.035524815,,2.218350913,0.836771023,,0.190693971,0.662591445
19.7,,13.94568562,1.394568562,,6.565823745,1.414509578,,4.50296081,1.216163523,,3.097966287,1.004405834,,2.134675189,0.807311812,,0.180831092,0.635813861
19.8,,13.80692373,1.380692373,,6.424493624,1.386290449,,4.381374317,1.185728405,,2.997532188,0.974120104,,2.053945306,0.778787365,,0.171463355,0.610021734
19.9,,13.66954254,1.366954254,,6.285981845,1.358564638,,4.262830165,1.155965603,,2.900126346,0.944649743,,1.976067792,0.751173027,,0.162566834,0.585184048
20,,13.53352832,1.353352832,,6.150239182,1.331325779,,4.147261168,1.126863663,,2.80566724,0.915977055,,1.90095164,0.724444538,,0.154118699,0.561270472
20.1,,13.39886747,1.339886747,,6.01721704,1.304567508,,4.034601284,1.098411187,,2.714075116,0.888084533,,1.82850827,0.698578048,,0.146097172,0.538251365
20.2,,13.26554651,1.326554651,,5.886867462,1.278283466,,3.92478561,1.07059684,,2.625271972,0.860954868,,1.758651487,0.673550116,,0.138481483,0.516097771
20.3,,13.13355211,1.313355211,,5.759143121,1.252467304,,3.817750373,1.043409357,,2.539181536,0.834570958,,1.691297437,0.649337722,,0.131251824,0.494781427
20.4,,13.00287109,1.300287109,,5.633997322,1.227112686,,3.713432925,1.016837552,,2.455729244,0.808915915,,1.62636457,0.625918268,,0.124389309,0.474274754
20.5,,12.87349036,1.287349036,,5.511384002,1.202213291,,3.611771737,0.990870317,,2.374842222,0.78397307,,1.563773596,0.603269581,,0.117875935,0.454550857
20.6,,12.74539699,1.274539699,,5.391257727,1.177762816,,3.512706388,0.965496631,,2.296449262,0.759725978,,1.503447441,0.581369919,,0.11169454,0.435583522
20.7,,12.61857817,1.261857817,,5.27357369,1.153754981,,3.416177556,0.940705567,,2.220480799,0.736158424,,1.445311206,0.560197972,,0.10582877,0.41734721
20.8,,12.49302122,1.249302122,,5.15828771,1.130183532,,3.322127015,0.91648629,,2.14686889,0.713254426,,1.389292121,0.539732861,,0.100263039,0.399817051
20.9,,12.36871358,1.236871358,,5.04535623,1.107042239,,3.230497616,0.892828066,,2.075547189,0.690998242,,1.335319505,0.519954143,,0.0949825,0.382968841
21,,12.24564283,1.224564283,,4.934736311,1.084324905,,3.141233286,0.869720267,,2.006450924,0.66937437,,1.283324723,0.500841806,,0.089973008,0.366779028
21.1,,12.12379664,1.212379664,,4.826385634,1.062025363,,3.054279011,0.847152368,,1.939516872,0.648367551,,1.233241137,0.482376272,,0.085221092,0.351224712
21.2,,12.00316285,1.200316285,,4.720262493,1.040137482,,2.96958083,0.825113958,,1.874683337,0.627962776,,1.18500407,0.464538393,,0.080713921,0.336283631
21.3,,11.88372939,1.188372939,,4.616325794,1.018655165,,2.887085822,0.803594736,,1.811890123,0.608145281,,1.138550759,0.447309452,,0.076439279,0.321934157
21.4,,11.7654843,1.17654843,,4.514535049,0.997572357,,2.806742093,0.782584522,,1.751078509,0.588900554,,1.093820311,0.430671158,,0.072385534,0.308155281
21.5,,11.64841578,1.164841578,,4.414850376,0.97688304,,2.728498768,0.762073249,,1.692191225,0.570214335,,1.050753663,0.414605645,,0.068541615,0.294926608
21.6,,11.5325121,1.15325121,,4.317232489,0.956581241,,2.652305977,0.742050974,,1.635172428,0.552072616,,1.009293539,0.399095469,,0.064896983,0.282228344
21.7,,11.41776169,1.141776169,,4.221642702,0.93666103,,2.578114844,0.722507877,,1.579967674,0.534461641,,0.969384408,0.384123602,,0.061441609,0.270041286
21.8,,11.30415306,1.130415306,,4.128042915,0.917116521,,2.505877473,0.703434262,,1.526523896,0.517367907,,0.930972438,0.369673431,,0.058165948,0.258346815
21.9,,11.19167486,1.119167486,,4.03639562,0.897941876,,2.435546937,0.68482056,,1.474789375,0.500778166,,0.894005463,0.355728751,,0.055060922,0.247126877
22,,11.08031584,1.108031584,,3.946663887,0.879131306,,2.367077266,0.666657329,,1.424713717,0.484679421,,0.858432935,0.342273762,,0.052117892,0.236363981
22.1,,10.97006485,1.097006485,,3.858811366,0.860679072,,2.300423433,0.648935256,,1.376247828,0.469058927,,0.824205885,0.329293064,,0.049328641,0.226041179
22.2,,10.86091088,1.086091088,,3.772802276,0.842579483,,2.23554134,0.631645159,,1.329343888,0.453904191,,0.791276887,0.316771651,,0.046685356,0.216142062
22.3,,10.75284301,1.075284301,,3.688601407,0.824826903,,2.172387808,0.614777987,,1.283955327,0.439202969,,0.759600011,0.304694907,,0.044180605,0.206650742
22.4,,10.64585044,1.064585044,,3.606174109,0.807415747,,2.110920564,0.59832482,,1.240036798,0.424943266,,0.729130793,0.293048598,,0.041807323,0.197551846
22.5,,10.53992246,1.053992246,,3.52548629,0.790340484,,2.051098222,0.582276871,,1.197544152,0.411113334,,0.69982619,0.281818869,,0.039558792,0.1888305
22.6,,10.43504848,1.043504848,,3.446504408,0.77359564,,1.992880277,0.566625486,,1.156434418,0.39770167,,0.671644545,0.270992236,,0.037428626,0.180472318
22.7,,10.33121801,1.033121801,,3.369195469,0.757175794,,1.936227089,0.551362142,,1.116665772,0.384697015,,0.644545549,0.26055558,,0.035410756,0.172463392
22.8,,10.22842067,1.022842067,,3.293527018,0.741075582,,1.881099868,0.536478452,,1.078197518,0.37208835,,0.618490206,0.250496142,,0.033499413,0.164790278
22.9,,10.12664619,1.012664619,,3.219467137,0.725289697,,1.827460664,0.521966161,,1.040990059,0.359864897,,0.593440794,0.240801517,,0.031689115,0.157439987
23,,10.02588437,1.002588437,,3.146984435,0.70981289,,1.77527235,0.507817147,,1.005004879,0.348016112,,0.569360832,0.231459644,,0.029974654,0.15039997
23.1,,9.926125156,0.992612516,,3.076048046,0.69463997,,1.724498611,0.494023422,,0.970204513,0.336531687,,0.546215047,0.222458804,,0.028351082,0.14365811
23.2,,9.82735856,0.982735856,,3.006627622,0.679765803,,1.675103933,0.480577129,,0.936552529,0.325401545,,0.523969335,0.213787612,,0.026813697,0.137202706
23.3,,9.729574709,0.972957471,,2.938693327,0.665185317,,1.627053583,0.467470545,,0.904013501,0.314615836,,0.502590733,0.205435008,,0.025358035,0.131022467
23.4,,9.632763823,0.963276382,,2.872215831,0.650893496,,1.580313603,0.454696078,,0.87255299,0.304164938,,0.482047382,0.197390253,,0.023979855,0.125106497
23.5,,9.536916222,0.953691622,,2.807166305,0.636885386,,1.534850792,0.442246267,,0.842137515,0.294039451,,0.462308498,0.189642921,,0.022675131,0.119444284
23.6,,9.44202232,0.944202232,,2.743516412,0.623156091,,1.490632696,0.430113783,,0.81273454,0.284230195,,0.443344338,0.182182895,,0.021440037,0.114025692
23.7,,9.348072628,0.934807263,,2.681238307,0.609700778,,1.447627593,0.418291425,,0.784312443,0.274728205,,0.425126174,0.175000357,,0.020270944,0.108840946
23.8,,9.255057751,0.925505775,,2.620304624,0.59651467,,1.405804478,0.406772122,,0.756840501,0.265524733,,0.407626256,0.16808578,,0.019164405,0.103880625
23.9,,9.162968388,0.916296839,,2.560688477,0.583593055,,1.365133058,0.395548931,,0.730288862,0.256611238,,0.390817789,0.161429929,,0.018117148,0.099135649
24,,9.071795329,0.907179533,,2.502363447,0.570931277,,1.32558373,0.384615036,,0.704628532,0.247979387,,0.3746749,0.155023846,,0.017126068,0.094597271
24.1,,8.981529457,0.898152946,,2.445303583,0.558524744,,1.287127574,0.373963747,,0.679831349,0.239621053,,0.359172614,0.148858846,,0.016188218,0.090257065
24.2,,8.892161746,0.889216175,,2.389483388,0.546368923,,1.249736336,0.363588499,,0.655869962,0.231528306,,0.344286822,0.142926515,,0.015300801,0.086106917
24.3,,8.803683258,0.880368326,,2.334877822,0.534459341,,1.213382422,0.353482852,,0.632717815,0.223693416,,0.329994258,0.137218697,,0.014461163,0.082139013
24.4,,8.716085146,0.871608515,,2.281462287,0.522791586,,1.178038879,0.343640488,,0.610349124,0.216108844,,0.31627247,0.13172749,,0.013666788,0.078345835
24.5,,8.62935865,0.862935865,,2.22921263,0.511361305,,1.143679386,0.33405521,,0.588738858,0.208767243,,0.303099799,0.126445242,,0.012915285,0.074720146
24.6,,8.543495097,0.85434951,,2.17810513,0.500164207,,1.110278243,0.324720942,,0.567862722,0.201661453,,0.290455347,0.121364543,,0.01220439,0.071254982
24.7,,8.4584859,0.84584859,,2.128116492,0.48919606,,1.077810354,0.315631728,,0.547697136,0.194784497,,0.278318962,0.116478216,,0.011531954,0.067943647
24.8,,8.374322559,0.837432256,,2.079223849,0.478452692,,1.046251223,0.306781727,,0.528219219,0.188129577,,0.266671205,0.111779316,,0.010895938,0.0647797
24.9,,8.290996658,0.829099666,,2.031404745,0.467929988,,1.015576932,0.298165216,,0.509406767,0.181690072,,0.255493334,0.107261122,,0.01029441,0.061756946
25,,8.208499862,0.820849986,,1.984637138,0.457623896,,0.985764141,0.289776587,,0.491238242,0.175459536,,0.244767279,0.102917128,,0.009725537,0.058869432
25.1,,8.126823924,0.812682392,,1.938899391,0.447530421,,0.956790066,0.281610346,,0.473692746,0.16943169,,0.23447562,0.098741041,,0.009187581,0.056111437
25.2,,8.045960675,0.804596067,,1.894170262,0.437645625,,0.928632475,0.27366111,,0.456750013,0.163600422,,0.224601567,0.094726775,,0.008678895,0.05347746
25.3,,7.965902029,0.796590203,,1.850428906,0.427965633,,0.901269673,0.265923606,,0.440390386,0.157959784,,0.215128937,0.090868443,,0.008197917,0.05096222
25.4,,7.886639979,0.788663998,,1.807654864,0.418486622,,0.874680491,0.258392672,,0.424594802,0.152503987,,0.206042138,0.087160354,,0.007743167,0.048560643
25.5,,7.8081666,0.78081666,,1.765828057,0.409204831,,0.848844278,0.251063253,,0.409344778,0.147227398,,0.197326145,0.083597005,,0.007313241,0.046267854
25.6,,7.730474044,0.773047404,,1.724928783,0.400116554,,0.823740887,0.243930398,,0.394622395,0.142124536,,0.188966485,0.080173078,,0.00690681,0.044079175
25.7,,7.653554542,0.765355454,,1.68493771,0.391218142,,0.799350666,0.236989264,,0.380410281,0.137190072,,0.180949215,0.076883433,,0.006522614,0.041990115
25.8,,7.577400402,0.75774004,,1.64583587,0.382506004,,0.775654449,0.230235109,,0.366691596,0.13241882,,0.173260907,0.073723103,,0.006159459,0.03999636
25.9,,7.502004009,0.750200401,,1.607604654,0.373976602,,0.75263354,0.223663292,,0.353450022,0.12780574,,0.16588863,0.070687293,,0.005816213,0.038093774
26,,7.427357821,0.742735782,,1.570225805,0.365626456,,0.730269712,0.217269273,,0.34066974,0.12334593,,0.158819932,0.067771366,,0.005491805,0.036278388
26.1,,7.353454376,0.735345438,,1.533681414,0.357452139,,0.708545187,0.211048612,,0.328335425,0.119034625,,0.152042825,0.064970849,,0.005185218,0.034546392
26.2,,7.280286283,0.728028628,,1.497953916,0.34945028,,0.687442634,0.204996962,,0.316432226,0.114867195,,0.145545768,0.062281419,,0.004895492,0.032894134
26.3,,7.207846224,0.720784622,,1.46302608,0.341617562,,0.666945156,0.199110074,,0.304945758,0.110839139,,0.139317653,0.059698905,,0.004621716,0.031318112
26.4,,7.136126956,0.713612696,,1.428881008,0.333950721,,0.647036279,0.193383793,,0.293862084,0.106946084,,0.133347787,0.05721928,,0.004363026,0.029814967
26.5,,7.065121306,0.706512131,,1.395502126,0.326446544,,0.627699947,0.187814055,,0.283167703,0.103183781,,0.127625882,0.054838656,,0.004118605,0.028381479
26.6,,6.994822174,0.699482217,,1.362873184,0.319101875,,0.608920508,0.182396886,,0.272849541,0.099548103,,0.122142038,0.052553283,,0.00388768,0.027014563
26.7,,6.925222531,0.692522253,,1.330978245,0.311913606,,0.59068271,0.177128404,,0.262894937,0.096035041,,0.116886731,0.050359543,,0.003669518,0.025711262
26.8,,6.856315415,0.685631542,,1.299801681,0.304878681,,0.572971685,0.172004812,,0.253291628,0.092640702,,0.111850796,0.048253943,,0.003463426,0.024468741
26.9,,6.788093937,0.678809394,,1.269328173,0.297994097,,0.555772948,0.167022399,,0.244027744,0.089361307,,0.10702542,0.046233118,,0.003268746,0.023284287
27,,6.720551274,0.672055127,,1.239542699,0.2912569,,0.539072385,0.16217754,,0.235091791,0.086193184,,0.102402125,0.044293819,,0.003084857,0.022155299
27.1,,6.653680672,0.665368067,,1.210430532,0.284664185,,0.522856241,0.157466693,,0.226472641,0.083132772,,0.09797276,0.042432915,,0.002911171,0.021079286
27.2,,6.587475443,0.658747544,,1.181977238,0.278213098,,0.507111119,0.152886395,,0.218159524,0.080176612,,0.093729484,0.040647387,,0.00274713,0.020053866
27.3,,6.521928967,0.652192897,,1.154168664,0.271900831,,0.491823966,0.148433267,,0.210142016,0.077321348,,0.089664759,0.038934324,,0.002592208,0.019076753
27.4,,6.457034689,0.645703469,,1.126990941,0.265724626,,0.476982068,0.144104006,,0.202410026,0.074563723,,0.08577134,0.037290921,,0.002445905,0.018145764
27.5,,6.392786121,0.639278612,,1.100430473,0.259681774,,0.462573039,0.139895386,,0.194953791,0.071900577,,0.082042261,0.035714474,,0.00230775,0.017258806
27.6,,6.329176836,0.632917684,,1.074473935,0.253769609,,0.448584819,0.135804257,,0.187763865,0.069328845,,0.078470826,0.034202378,,0.002177295,0.016413878
27.7,,6.266200474,0.626620047,,1.04910827,0.247985514,,0.43500566,0.131827543,,0.180831105,0.066845553,,0.075050599,0.032752122,,0.002054119,0.015609063
27.8,,6.203850738,0.620385074,,1.024320681,0.242326918,,0.421824123,0.127962242,,0.174146669,0.064447816,,0.071775398,0.03136129,,0.00193782,0.014842531
27.9,,6.142121391,0.614212139,,1.000098627,0.236791294,,0.409029068,0.124205421,,0.167702,0.062132837,,0.068639279,0.03002755,,0.001828022,0.014112527
28,,6.081006263,0.608100626,,0.976429822,0.23137616,,0.39660965,0.12055422,,0.161488824,0.059897904,,0.065636533,0.028748661,,0.001724365,0.013417376
28.1,,6.020499239,0.602049924,,0.953302224,0.226079078,,0.384555307,0.117005845,,0.155499136,0.057740387,,0.062761676,0.027522462,,0.001626512,0.012755473
28.2,,5.960594271,0.596059427,,0.930704039,0.220897654,,0.37285576,0.113557569,,0.149725195,0.055657736,,0.060009438,0.026346873,,0.001534142,0.012125287
28.3,,5.901285367,0.590128537,,0.908623709,0.215829537,,0.361501,0.110206733,,0.144159513,0.053647479,,0.057374759,0.02521989,,0.001446952,0.011525351
28.4,,5.842566596,0.58425666,,0.887049911,0.210872416,,0.350481284,0.106950741,,0.138794853,0.051707222,,0.054852777,0.024139588,,0.001364657,0.010954264
28.5,,5.784432087,0.578443209,,0.865971555,0.206024025,,0.33978713,0.10378706,,0.133624215,0.049834642,,0.052438826,0.023104109,,0.001286985,0.010410688
28.6,,5.726876027,0.572687603,,0.845377776,0.201282136,,0.329409307,0.10071322,,0.12864083,0.048027489,,0.050128421,0.022111669,,0.00121368,0.009893343
28.7,,5.669892658,0.566989266,,0.825257931,0.196644566,,0.319338835,0.097726809,,0.123838157,0.046283584,,0.047917261,0.021160549,,0.0011445,0.009401005
28.8,,5.613476283,0.561347628,,0.805601595,0.192109167,,0.309566969,0.094825478,,0.119209871,0.044600814,,0.045801212,0.020249095,,0.001079217,0.008932508
28.9,,5.557621261,0.555762126,,0.786398559,0.187673833,,0.300085206,0.092006934,,0.114749858,0.042977134,,0.043776308,0.019375718,,0.001017613,0.008486734
29,,5.502322006,0.550232201,,0.767638824,0.183336497,,0.290885265,0.08926894,,0.11045221,0.041410561,,0.041838741,0.018538887,,0.000959484,0.008062617
29.1,,5.447572987,0.544757299,,0.749312596,0.179095129,,0.281959095,0.086609315,,0.106311216,0.039899175,,0.039984857,0.017737131,,0.000904637,0.00765914
29.2,,5.39336873,0.539336873,,0.731410286,0.174947738,,0.273298859,0.084025935,,0.102321357,0.038441119,,0.038211149,0.016969033,,0.000852889,0.007275331
29.3,,5.339703815,0.533970381,,0.713922502,0.170892371,,0.264896933,0.081516726,,0.098477301,0.037034592,,0.03651425,0.016233234,,0.000804068,0.006910261
29.4,,5.286572874,0.528657287,,0.696840048,0.166927108,,0.256745902,0.079079667,,0.094773896,0.03567785,,0.034890931,0.015528424,,0.000758009,0.006563044
29.5,,5.233970595,0.523397059,,0.68015392,0.163050068,,0.248838552,0.076712789,,0.091206161,0.034369206,,0.033338092,0.014853345,,0.000714559,0.006232834
29.6,,5.181891717,0.518189172,,0.663855301,0.159259406,,0.241167866,0.074414171,,0.087769289,0.033107027,,0.031852761,0.014206788,,0.000673571,0.005918823
29.7,,5.130331033,0.513033103,,0.64793556,0.155553309,,0.233727018,0.072181943,,0.084458632,0.031889731,,0.030432086,0.013587591,,0.000634908,0.005620242
29.8,,5.079283386,0.507928339,,0.632386245,0.151930002,,0.22650937,0.070014279,,0.081269703,0.030715788,,0.02907333,0.012994635,,0.000598441,0.005336354
29.9,,5.028743672,0.502874367,,0.617199083,0.148387741,,0.219508468,0.067909404,,0.078198166,0.029583715,,0.027773869,0.012426847,,0.000564045,0.005066458
30,,4.978706837,0.497870684,,0.602365975,0.144924817,,0.212718032,0.065865586,,0.075239834,0.02849208,,0.026531188,0.011883195,,0.000531604,0.004809885
